Name,Address,Contact
Asset Management Group,"6th Floor Foreshore Towers, 2A, Osborne Road, Ikoyi, Lagos, Lagos, NigeriaView Map ",+234-1-454-0028
DHL International/ Shodan Travels and Tours Ltd,"BLOCK A SUITE 17 PRIMATEK PLAZA MOKOLA BSTOP EGBEDA LAGOS NIGERIA, Lagos, LagosView Map ",+2348054241762
Lowesttrip,"No 82 allen avenue, afri bank bus stop, ibilola nelson house ikeja lagos., Lagos, Lagos, NigeriaView Map ",09034879561
Regenix Healthcare Services,"Broad Street, Lagos Island, Lagos, Lagos, NigeriaView Map ",07018204144
Proshare Nigeria Limited.,"Plot 590b, Lekan Asuni Close, Omole Phase II, Isheri, Lagos, Lagos, Nigeria",234 1 454 3811
UBA Metropolitan Life Insurance Ltd.,"UBA House, 4 Floor, 57, Marina, Lagos, Lagos, NigeriaView Map ",+234 1 906 8800+234 1 9068 805
Heritage Assurance Company Limited,"27A Bishop Oluwole Street, Victoria Island, Lagos, Lagos, NigeriaView Map ",+234 1 774 4507
Reliance HMO,"18 Jimoh Oladehinde Street, Gbagada, Lagos, Nigeria, Lagos, LagosView Map ",+234 700 7354 2623
AutoGenius,"Providence House, Admiralty road, Lekki phase 1, Lagos, Lagos, Nigeria",07005555444408099988005
Anchor insurance Investment,"54ayo,jagun street lekki phase 1,p.m.b 12625 Lagos, Lagos, Lagos, Nigeria",08057175214
Nigerian Life & Provident Company Limited,"312 Ikorodu Road, Anthony, Lagos, Lagos, Nigeria",07098141596
The Insurance Blog,"62 Eletu Odibo St, Lagos, Lagos, Nigeria",234-338-4011
